date,year,month,month_name,quarter,day_of_week
2026-02-13,2026,2,February,Q1,Friday
2026-02-14,2026,2,February,Q1,Saturday
2026-02-15,2026,2,February,Q1,Sunday
2026-02-16,2026,2,February,Q1,Monday
2026-02-17,2026,2,February,Q1,Tuesday
2026-02-18,2026,2,February,Q1,Wednesday
2026-02-19,2026,2,February,Q1,Thursday
2026-02-20,2026,2,February,Q1,Friday
2026-02-21,2026,2,February,Q1,Saturday
2026-02-22,2026,2,February,Q1,Sunday
2026-02-23,2026,2,February,Q1,Monday
2026-02-24,2026,2,February,Q1,Tuesday
2026-02-25,2026,2,February,Q1,Wednesday
2026-02-26,2026,2,February,Q1,Thursday
2026-02-27,2026,2,February,Q1,Friday
2026-02-28,2026,2,February,Q1,Saturday
2026-03-01,2026,3,March,Q1,Sunday
2026-03-02,2026,3,March,Q1,Monday
2026-03-03,2026,3,March,Q1,Tuesday
2026-03-04,2026,3,March,Q1,Wednesday
2026-03-05,2026,3,March,Q1,Thursday
2026-03-06,2026,3,March,Q1,Friday
2026-03-07,2026,3,March,Q1,Saturday
2026-03-08,2026,3,March,Q1,Sunday
2026-03-09,2026,3,March,Q1,Monday
2026-03-10,2026,3,March,Q1,Tuesday
2026-03-11,2026,3,March,Q1,Wednesday
2026-03-12,2026,3,March,Q1,Thursday
2026-03-13,2026,3,March,Q1,Friday
2026-03-14,2026,3,March,Q1,Saturday
2026-03-15,2026,3,March,Q1,Sunday
2026-03-16,2026,3,March,Q1,Monday
2026-03-17,2026,3,March,Q1,Tuesday
2026-03-18,2026,3,March,Q1,Wednesday
2026-03-19,2026,3,March,Q1,Thursday
2026-03-20,2026,3,March,Q1,Friday
2026-03-21,2026,3,March,Q1,Saturday
2026-03-22,2026,3,March,Q1,Sunday
2026-03-23,2026,3,March,Q1,Monday
2026-03-24,2026,3,March,Q1,Tuesday
2026-03-25,2026,3,March,Q1,Wednesday
2026-03-26,2026,3,March,Q1,Thursday
2026-03-27,2026,3,March,Q1,Friday
2026-03-28,2026,3,March,Q1,Saturday
2026-03-29,2026,3,March,Q1,Sunday
2026-03-30,2026,3,March,Q1,Monday
2026-03-31,2026,3,March,Q1,Tuesday
2026-04-01,2026,4,April,Q2,Wednesday
2026-04-02,2026,4,April,Q2,Thursday
2026-04-03,2026,4,April,Q2,Friday
2026-04-04,2026,4,April,Q2,Saturday
2026-04-05,2026,4,April,Q2,Sunday
2026-04-06,2026,4,April,Q2,Monday
2026-04-07,2026,4,April,Q2,Tuesday
2026-04-08,2026,4,April,Q2,Wednesday
2026-04-09,2026,4,April,Q2,Thursday
2026-04-10,2026,4,April,Q2,Friday
2026-04-11,2026,4,April,Q2,Saturday
2026-04-12,2026,4,April,Q2,Sunday
2026-04-13,2026,4,April,Q2,Monday
2026-04-14,2026,4,April,Q2,Tuesday
2026-04-15,2026,4,April,Q2,Wednesday
2026-04-16,2026,4,April,Q2,Thursday
2026-04-17,2026,4,April,Q2,Friday
2026-04-18,2026,4,April,Q2,Saturday
2026-04-19,2026,4,April,Q2,Sunday
2026-04-20,2026,4,April,Q2,Monday
2026-04-21,2026,4,April,Q2,Tuesday
2026-04-22,2026,4,April,Q2,Wednesday
2026-04-23,2026,4,April,Q2,Thursday
2026-04-24,2026,4,April,Q2,Friday
2026-04-25,2026,4,April,Q2,Saturday
2026-04-26,2026,4,April,Q2,Sunday
2026-04-27,2026,4,April,Q2,Monday
2026-04-28,2026,4,April,Q2,Tuesday
2026-04-29,2026,4,April,Q2,Wednesday
2026-04-30,2026,4,April,Q2,Thursday
2026-05-01,2026,5,May,Q2,Friday
2026-05-02,2026,5,May,Q2,Saturday
2026-05-03,2026,5,May,Q2,Sunday
2026-05-04,2026,5,May,Q2,Monday
2026-05-05,2026,5,May,Q2,Tuesday
2026-05-06,2026,5,May,Q2,Wednesday
2026-05-07,2026,5,May,Q2,Thursday
2026-05-08,2026,5,May,Q2,Friday
2026-05-09,2026,5,May,Q2,Saturday
2026-05-10,2026,5,May,Q2,Sunday
2026-05-11,2026,5,May,Q2,Monday
2026-05-12,2026,5,May,Q2,Tuesday
2026-05-13,2026,5,May,Q2,Wednesday
2026-05-14,2026,5,May,Q2,Thursday
2026-05-15,2026,5,May,Q2,Friday
2026-05-16,2026,5,May,Q2,Saturday
2026-05-17,2026,5,May,Q2,Sunday
2026-05-18,2026,5,May,Q2,Monday
2026-05-19,2026,5,May,Q2,Tuesday
2026-05-20,2026,5,May,Q2,Wednesday
2026-05-21,2026,5,May,Q2,Thursday
2026-05-22,2026,5,May,Q2,Friday
2026-05-23,2026,5,May,Q2,Saturday
2026-05-24,2026,5,May,Q2,Sunday
2026-05-25,2026,5,May,Q2,Monday
2026-05-26,2026,5,May,Q2,Tuesday
2026-05-27,2026,5,May,Q2,Wednesday
2026-05-28,2026,5,May,Q2,Thursday
2026-05-29,2026,5,May,Q2,Friday
2026-05-30,2026,5,May,Q2,Saturday
2026-05-31,2026,5,May,Q2,Sunday
2026-06-01,2026,6,June,Q2,Monday
2026-06-02,2026,6,June,Q2,Tuesday
2026-06-03,2026,6,June,Q2,Wednesday
2026-06-04,2026,6,June,Q2,Thursday
2026-06-05,2026,6,June,Q2,Friday
2026-06-06,2026,6,June,Q2,Saturday
2026-06-07,2026,6,June,Q2,Sunday
2026-06-08,2026,6,June,Q2,Monday
2026-06-09,2026,6,June,Q2,Tuesday
2026-06-10,2026,6,June,Q2,Wednesday
2026-06-11,2026,6,June,Q2,Thursday
2026-06-12,2026,6,June,Q2,Friday
2026-06-13,2026,6,June,Q2,Saturday
2026-06-14,2026,6,June,Q2,Sunday
2026-06-15,2026,6,June,Q2,Monday
2026-06-16,2026,6,June,Q2,Tuesday
2026-06-17,2026,6,June,Q2,Wednesday
2026-06-18,2026,6,June,Q2,Thursday
2026-06-19,2026,6,June,Q2,Friday
2026-06-20,2026,6,June,Q2,Saturday
2026-06-21,2026,6,June,Q2,Sunday
2026-06-22,2026,6,June,Q2,Monday
2026-06-23,2026,6,June,Q2,Tuesday
2026-06-24,2026,6,June,Q2,Wednesday
2026-06-25,2026,6,June,Q2,Thursday
2026-06-26,2026,6,June,Q2,Friday
2026-06-27,2026,6,June,Q2,Saturday
2026-06-28,2026,6,June,Q2,Sunday
2026-06-29,2026,6,June,Q2,Monday
2026-06-30,2026,6,June,Q2,Tuesday
2026-07-01,2026,7,July,Q3,Wednesday
2026-07-02,2026,7,July,Q3,Thursday
2026-07-03,2026,7,July,Q3,Friday
2026-07-04,2026,7,July,Q3,Saturday
2026-07-05,2026,7,July,Q3,Sunday
2026-07-06,2026,7,July,Q3,Monday
2026-07-07,2026,7,July,Q3,Tuesday
2026-07-08,2026,7,July,Q3,Wednesday
2026-07-09,2026,7,July,Q3,Thursday
2026-07-10,2026,7,July,Q3,Friday
2026-07-11,2026,7,July,Q3,Saturday
2026-07-12,2026,7,July,Q3,Sunday
2026-07-13,2026,7,July,Q3,Monday
2026-07-14,2026,7,July,Q3,Tuesday
2026-07-15,2026,7,July,Q3,Wednesday
2026-07-16,2026,7,July,Q3,Thursday
2026-07-17,2026,7,July,Q3,Friday
2026-07-18,2026,7,July,Q3,Saturday
2026-07-19,2026,7,July,Q3,Sunday
2026-07-20,2026,7,July,Q3,Monday
2026-07-21,2026,7,July,Q3,Tuesday
2026-07-22,2026,7,July,Q3,Wednesday
2026-07-23,2026,7,July,Q3,Thursday
2026-07-24,2026,7,July,Q3,Friday
2026-07-25,2026,7,July,Q3,Saturday
2026-07-26,2026,7,July,Q3,Sunday
2026-07-27,2026,7,July,Q3,Monday
2026-07-28,2026,7,July,Q3,Tuesday
2026-07-29,2026,7,July,Q3,Wednesday
2026-07-30,2026,7,July,Q3,Thursday
2026-07-31,2026,7,July,Q3,Friday
2026-08-01,2026,8,August,Q3,Saturday
2026-08-02,2026,8,August,Q3,Sunday
2026-08-03,2026,8,August,Q3,Monday
2026-08-04,2026,8,August,Q3,Tuesday
2026-08-05,2026,8,August,Q3,Wednesday
2026-08-06,2026,8,August,Q3,Thursday
2026-08-07,2026,8,August,Q3,Friday
2026-08-08,2026,8,August,Q3,Saturday
2026-08-09,2026,8,August,Q3,Sunday
2026-08-10,2026,8,August,Q3,Monday
2026-08-11,2026,8,August,Q3,Tuesday
2026-08-12,2026,8,August,Q3,Wednesday
